{"cameraMode":{"drawMode":0,"name":"Shaded","section":"Shading Mode"},"sceneLighting":true,"audioPlay":false,"sceneViewState":{"showFog":true,"showMaterialUpdate":false,"showSkybox":true,"showFlares":true,"showImageEffects":true,"showParticleSystems":true},"in2DMode":false,"pivot":{"x":626.3984375,"y":283.91168212890627,"z":-60.83331298828125},"rotation":{"x":0.0689329206943512,"y":0.019451308995485307,"z":-0.0013447082601487637,"w":0.9974308013916016},"size":1092.319091796875,"orthographic":false}