{"cameraMode":{"drawMode":0,"name":"Shaded","section":"Shading Mode"},"sceneLighting":false,"audioPlay":false,"sceneViewState":{"showFog":true,"showMaterialUpdate":false,"showSkybox":true,"showFlares":true,"showImageEffects":true,"showParticleSystems":true},"in2DMode":false,"pivot":{"x":0.0,"y":2.4490604400634767,"z":-0.12622833251953126},"rotation":{"x":0.19081223011016847,"y":-0.010307123884558678,"z":0.002003239467740059,"w":0.9815704226493836},"size":19.16409683227539,"orthographic":false}