{"cameraMode":{"drawMode":0,"name":"Shaded","section":"Shading Mode"},"sceneLighting":true,"audioPlay":false,"sceneViewState":{"showFog":true,"showMaterialUpdate":false,"showSkybox":true,"showFlares":true,"showImageEffects":true,"showParticleSystems":true},"in2DMode":false,"pivot":{"x":-23.577836990356447,"y":-15.13179874420166,"z":12.333717346191407},"rotation":{"x":0.22700463235378266,"y":-0.560962975025177,"z":0.16343501210212708,"w":0.7791524529457092},"size":52.479331970214847,"orthographic":false}