{"cameraMode":{"drawMode":0,"name":"Shaded","section":"Shading Mode"},"sceneLighting":false,"audioPlay":false,"sceneViewState":{"showFog":true,"showMaterialUpdate":false,"showSkybox":true,"showFlares":true,"showImageEffects":true,"showParticleSystems":true},"in2DMode":false,"pivot":{"x":4.021472454071045,"y":2.0660643577575685,"z":3.1094069480895998},"rotation":{"x":0.1835663765668869,"y":0.11910966783761978,"z":-0.022414013743400575,"w":0.9755070209503174},"size":6.177830219268799,"orthographic":false}