{"cameraMode":{"drawMode":0,"name":"Shaded","section":"Shading Mode"},"sceneLighting":false,"audioPlay":false,"sceneViewState":{"showFog":true,"showMaterialUpdate":false,"showSkybox":true,"showFlares":true,"showImageEffects":true,"showParticleSystems":true},"in2DMode":false,"pivot":{"x":1.9999992847442628,"y":0.46799254417419436,"z":5.9950971603393559},"rotation":{"x":0.2565564811229706,"y":-0.01739749126136303,"z":0.0046183764934539799,"w":0.9663616418838501},"size":1.8121612071990967,"orthographic":false}