{"cameraMode":{"drawMode":0,"name":"Shaded","section":"Shading Mode"},"sceneLighting":false,"audioPlay":false,"sceneViewState":{"showFog":true,"showMaterialUpdate":false,"showSkybox":true,"showFlares":true,"showImageEffects":true,"showParticleSystems":true},"in2DMode":false,"pivot":{"x":8.005847930908204,"y":-4.506213665008545,"z":-6.593439102172852},"rotation":{"x":0.2565564811229706,"y":-0.01739749126136303,"z":0.0046183764934539799,"w":0.9663616418838501},"size":1.6500000953674317,"orthographic":false}