{"cameraMode":{"drawMode":0,"name":"Shaded","section":"Shading Mode"},"sceneLighting":false,"audioPlay":false,"sceneViewState":{"showFog":true,"showMaterialUpdate":false,"showSkybox":true,"showFlares":true,"showImageEffects":true,"showParticleSystems":true},"in2DMode":false,"pivot":{"x":-3.3300094604492189,"y":5.681684494018555,"z":223.39329528808595},"rotation":{"x":0.06634373962879181,"y":-0.8561539053916931,"z":0.11367332190275192,"w":0.4996773600578308},"size":3.749999761581421,"orthographic":false}