{"cameraMode":{"drawMode":0,"name":"Shaded","section":"Shading Mode"},"sceneLighting":false,"audioPlay":false,"sceneViewState":{"showFog":true,"showMaterialUpdate":false,"showSkybox":true,"showFlares":true,"showImageEffects":true,"showParticleSystems":true},"in2DMode":false,"pivot":{"x":0.0,"y":0.7279999852180481,"z":5.048999786376953},"rotation":{"x":0.06634373962879181,"y":-0.8561539053916931,"z":0.11367332190275192,"w":0.4996773600578308},"size":0.28578877449035647,"orthographic":false}