{"cameraMode":{"drawMode":0,"name":"Shaded","section":"Shading Mode"},"sceneLighting":true,"audioPlay":false,"sceneViewState":{"showFog":true,"showMaterialUpdate":false,"showSkybox":true,"showFlares":true,"showImageEffects":true,"showParticleSystems":true},"in2DMode":false,"pivot":{"x":0.35276514291763308,"y":0.8402785658836365,"z":4.943733215332031},"rotation":{"x":0.07420989125967026,"y":-0.6572778224945068,"z":0.06528374552726746,"w":0.747139036655426},"size":1.0578839778900147,"orthographic":false}