{"cameraMode":{"drawMode":0,"name":"Shaded","section":"Shading Mode"},"sceneLighting":false,"audioPlay":false,"sceneViewState":{"showFog":true,"showMaterialUpdate":false,"showSkybox":true,"showFlares":true,"showImageEffects":true,"showParticleSystems":true},"in2DMode":false,"pivot":{"x":2.549999237060547,"y":0.4679926037788391,"z":5.9850969314575199},"rotation":{"x":0.2565564811229706,"y":-0.01739749126136303,"z":0.0046183764934539799,"w":0.9663616418838501},"size":1.8121614456176758,"orthographic":false}